Workbook

Sheet Formato Reporte Mensual
A1: REPORTE GESTIÓN LOGÍSTICA & ALMACÉN
A2: ENERO - 2018
H3: Fecha: 07/02/2018
A4: CURVAS DE AVANCE
A22: AVANCE DE OBJETIVOS
B37: Descripción de las Actividades
B38: OBJ. | C38: ACT. | D38: DESCRIPCIÓN | G38: % AVANCE | H38: OBSERVACIONES
B39: 1 | C39: 1 | D39: Asegurar el soporte para la ejecución de las Auditorias Aleatorias | G39: 0
C40: 2 | D40: Cerrar las tarjetas de Anomalias y Opersafe pendientes | G40: 0
B41: 2 | C41: 1 | D41: Desarrollar plan mantenimiento / Preservacion Equipos BAO | G41: 100
B42: 3 | C42: 1 | D42: Identificar riesgos y debilidades en almacenaje, custodia y manejo de materiales en BAO | G42: 100
C43: 2 | D43: Proponer mitigaciones (elaboración de informe / preservación de materiales) | G43: 37
B44: 4 | C44: 1 | D44: Asegurar el soporte para la ejecución de los Inventarios 100% en almacenes de la empresa. | G44: 12
B45: 5 | C45: 1 | D45: Coordinar proceso para la disposicion de los materiales / Elementos dañados en BAO | G45: 0
B46: 6 | C46: 1 | D46: Desarrollar e implementar KPI's para BAA y los almacenes. | G46: 30
B47: 7 | C47: 1 | D47: Garantizar mantenimiento y soporte del sistema SAP-MM. | G47: 9
B48: 8 | C48: 1 | D48: Coordinar plan de actualizacion, depuracion del registro Maestro de Materiales en el Sistema SAP | G48: 100
B49: 9 | C49: 1 | D49: Asegurar el soporte para ejecución de las Auditorias (FI). | G49: 0
B50: 10 | C50: 1 | D50: Asegurar el soporte para la ejecución del mantenimiento / preservacion de Equipos en BAO | G50: 13
B51: 11 | C51: 1 | D51: Asegurar el soporte para el proceso disposicion final de materiales / elementos dañados en BAO | G51: 0
B52: Adicional | C52: 1 | D52: Elaboracion y Actualizacion de Procedimientos (Maestro) | G52: 0
C53: 2 | D53: Auditorias Mensuales | G53: 0
C54: 3 | D54: Auditoria de Socios | G54: 0
B55: PLAN REMEDIACIÓN | C55: 1 | D55: Post Inventario 100% Octubre-2017 | G55: 60
C56: 2 | D56: Inventario 100% | G56: 0
C57: 3 | D57: Mejoras en Preservacion y Proteccion de Materiales Almacén | G57: 34
C58: 4 | D58: Depuración del Maestro de Materiales | G58: 0
A60: GRÁFICO TIEMPO PERDIDO
B77: ='Gráfico Tiempo Perdido'!B4 -> Motivo | E77: ='Gráfico Tiempo Perdido'!BC4 -> Total | F77: ='Gráfico Tiempo Perdido'!BD4 -> Observaciones
B78: ='Gráfico Tiempo Perdido'!B5 -> Falla de Plataforma Comunicación | E78: ='Gráfico Tiempo Perdido'!BC5 -> 160 | F78: ='Gráfico Tiempo Perdido'!BD5 -> 0
B79: ='Gráfico Tiempo Perdido'!B6 -> Falla de Energia | E79: ='Gráfico Tiempo Perdido'!BC6 -> 15 | F79: ='Gráfico Tiempo Perdido'!BD6 -> 0
B80: Ausencia Personal (Varios Motivos) | E80: 4 | F80: Enfermedad
B81: Vacaciones | E81: 48 | F81: Compensatorios y Pasivos
B82: Falla Energia Electrica | E82: 1 | F82: Corte Energia
B83: Camión y Brazo Articulado | E83: 80 | F83: Fallas Mecanicas
B84: Feriados / No laborables | E84: 16 | F84: Carnavales

Sheet % Avance Objetivos
B1: KPI OBJETIVOS LOGÍSTICA & ALMACÉN 2018
E3: ENERO | G3: FEBRERO | I3: MARZO | K3: ABRIL | M3: MAYO | O3: JUNIO | Q3: JULIO | S3: AGOSTO | U3: SEPTIEMBRE | W3: OCTUBRE | Y3: NOVIEMBRE | AA3: DICIEMBRE
B4: OBJ. | C4: ACT. | D4: DESCRIPCIÓN | E4: % E | F4: % R | G4: % E | H4: % R | I4: % E | J4: % R | K4: % E | L4: % R | M4: % E | N4: % R | O4: % E | P4: % R | Q4: % E | R4: % R | S4: % E | T4: % R | U4: % E | V4: % R | W4: % E | X4: % R | Y4: % E | Z4: % R | AA4: % E | AB4: % R
B5: 1 | C5: 1 | D5: Asegurar el soporte para la ejecución de las Auditorias Aleatorias | E5: 0 | F5: 0 | G5: 0 | I5: 14 | K5: 33 | M5: 33 | O5: 43 | Q5: 67 | S5: 67 | U5: 76 | W5: 100 | Y5: 0 | AA5: 0
C6: 2 | D6: Cerrar las tarjetas de Anomalias y Opersafe pendientes | E6: 0 | F6: 0 | G6: 0 | I6: 0 | K6: 0 | M6: 0 | O6: 0 | Q6: 0 | S6: 0 | U6: 0 | W6: 49 | Y6: 100 | AA6: 0
B7: 2 | C7: 1 | D7: Desarrollar un plan para el mantenimiento / Preservacion de Equipos en BAO | E7: 100 | F7: 100 | G7: 0 | I7: 0 | K7: 0 | M7: 0 | O7: 0 | Q7: 0 | S7: 0 | U7: 0 | W7: 0 | Y7: 0 | AA7: 0
B8: 3 | C8: 1 | D8: Identificar riesgos y debilidades en almacenaje, custodia y manejo de materiales en BAO | E8: 100 | F8: 100 | G8: 0 | I8: 0 | K8: 0 | M8: 0 | O8: 0 | Q8: 0 | S8: 0 | U8: 0 | W8: 0 | Y8: 0 | AA8: 0
C9: 2 | D9: Proponer mitigaciones: elaboración de informe y preservación de materiales | E9: 37 | F9: 37 | G9: 95 | I9: 100 | K9: 0 | M9: 0 | O9: 0 | Q9: 0 | S9: 0 | U9: 0 | W9: 0 | Y9: 0 | AA9: 0
B10: 4 | C10: 1 | D10: Asegurar el soporte para la ejecución de los Inventarios 100% en almacenes de la empresa. | E10: 12 | F10: 12 | G10: 22 | I10: 34 | K10: 45 | M10: 57 | O10: 69 | Q10: 80 | S10: 93 | U10: 100 | W10: 0 | Y10: 0 | AA10: 0
B11: 5 | C11: 1 | D11: Coordinar proceso para la disposicion de los materiales / Elementos dañados en BAO | E11: 0 | F11: 0 | G11: 0 | I11: 0 | K11: 38 | M11: 75 | O11: 96 | Q11: 96 | S11: 96 | U11: 100 | W11: 0 | Y11: 0 | AA11: 0
B12: 6 | C12: 1 | D12: Desarrollar e implementar KPI's para BAA y los almacenes | E12: 15 | F12: 30 | G12: 100 | I12: 0 | K12: 0 | M12: 0 | O12: 0 | Q12: 0 | S12: 0 | U12: 0 | W12: 0 | Y12: 0 | AA12: 0
B13: 7 | C13: 1 | D13: Garantizar mantenimiento y soporte del sistema SAP-MM. | E13: 9 | F13: 9 | G13: 16 | I13: 25 | K13: 33 | M13: 42 | O13: 50 | Q13: 59 | S13: 68 | U13: 76 | W13: 85 | Y13: 94 | AA13: 100
B14: 8 | C14: 1 | D14: Coordinar plan de actualizacion, depuracion del registro Maestro de Materiales en el Sistema SAP | E14: 100 | F14: 100 | G14: 0 | I14: 0 | K14: 0 | M14: 0 | O14: 0 | Q14: 0 | S14: 0 | U14: 0 | W14: 0 | Y14: 0 | AA14: 0
B15: 9 | C15: 1 | D15: Asegurar el soporte para la ejecución de las Auditorias (Finanzas). | E15: 0 | F15: 0 | G15: 100 | I15: 0 | K15: 0 | M15: 0 | O15: 0 | Q15: 0 | S15: 0 | U15: 0 | W15: 0 | Y15: 0 | AA15: 0
B16: 10 | C16: 1 | D16: Asegurar el soporte para la ejecución del mantenimiento / preservacion de Equipos en BAO | E16: 13 | F16: 13 | G16: 25 | I16: 37 | K16: 50 | M16: 63 | O16: 76 | Q16: 88 | S16: 100 | U16: 0 | W16: 0 | Y16: 0 | AA16: 0
B17: 11 | C17: 1 | D17: Asegurar el soporte para el proceso disposicion final de materiales / elementos dañados en BAO | E17: 0 | F17: 0 | G17: 0 | I17: 0 | K17: 100 | M17: 0 | O17: 0 | Q17: 0 | S17: 0 | U17: 0 | W17: 0 | Y17: 0 | AA17: 0
B18: Adicional | C18: 1 | D18: Elaboracion y Actualizacion de Procedimientos (Maestro) | E18: 0 | F18: 0 | G18: 0 | I18: 0 | K18: 0 | M18: 0 | O18: 6 | Q18: 8 | S18: 36 | U18: 45 | W18: 68 | Y18: 93 | AA18: 100
C19: 2 | D19: Auditorias Mensuales | E19: 0 | F19: 0 | G19: 9 | I19: 18 | K19: 27 | M19: 36 | O19: 45 | Q19: 54 | S19: 63 | U19: 73 | W19: 82 | Y19: 91 | AA19: 100
C20: 3 | D20: Auditoria de Socios | E20: 0 | F20: 0 | G20: 0 | I20: 0 | K20: 0 | M20: 0 | O20: 0 | Q20: 0 | S20: 0 | U20: 0 | W20: 0 | Y20: 0 | AA20: 0
D21: TOTAL | E21: 10 | F21: 10 | G21: 20 | I21: 28 | K21: 38 | M21: 49 | O21: 59 | Q21: 67 | S21: 77 | U21: 82 | W21: 90 | Y21: 94 | AA21: 100
B22: PLAN REMEDIACIÓN | C22: 1 | D22: Post Inventario 100% Octubre-2017 | E22: 53 | F22: 60 | G22: 98 | I22: 100 | K22: 0 | M22: 0 | O22: 0 | Q22: 0 | S22: 0 | U22: 0 | W22: 0 | Y22: 0 | AA22: 0
C23: 2 | D23: Inventario 100% | E23: 0 | F23: 0 | G23: 0 | I23: 13 | K23: 25 | M23: 40 | O23: 54 | P23: 0 | Q23: 67 | S23: 82 | U23: 93 | W23: 97 | Y23: 100 | AA23: 0
C24: 3 | D24: Mejoras en Preservacion y Proteccion de Materiales Almacén | E24: 26 | F24: 34 | G24: 0 | I24: 26 | K24: 0 | M24: 0 | O24: 27 | Q24: 0 | S24: 0 | U24: 0 | W24: 52 | Y24: 86 | AA24: 100
C25: 4 | D25: Depuración del Maestro de Materiales | E25: 0 | F25: 0 | G25: 0 | I25: 5 | K25: 16 | M25: 29 | O25: 42 | Q25: 52 | S25: 65 | U25: 77 | W25: 89 | Y25: 100 | AA25: 0
D26: TOTAL | E26: 12 | F26: 13 | G26: 15 | I26: 22 | K26: 30 | M26: 40 | O26: 49 | Q26: 57 | S26: 67 | U26: 74 | W26: 87 | Y26: 93 | AA26: 100
D28: TOTAL GENERAL | E28: 11 | G28: 19 | I28: 27 | K28: 37 | M28: 47 | O28: 56 | Q28: 65 | S28: 75 | U28: 80 | W28: 89 | Y28: 94 | AA28: 100

Sheet Curva de Avance Plan
A1: CURVA DE AVANCE PLAN DE REMEDIACIÓN
B4: MES | C4: CURVA ESTIMADA | D4: CURVA REAL
B5: ENERO | C5: ='% Avance Objetivos'!E26 -> 12 | D5: ='% Avance Objetivos'!F26 -> 13
B6: FEBRERO | C6: ='% Avance Objetivos'!G26 -> 15
B7: MARZO | C7: ='% Avance Objetivos'!I26 -> 22
B8: ABRIL | C8: ='% Avance Objetivos'!K26 -> 30
B9: MAYO | C9: ='% Avance Objetivos'!M26 -> 40
B10: JUNIO | C10: ='% Avance Objetivos'!O26 -> 49
B11: JULIO | C11: ='% Avance Objetivos'!Q26 -> 57
B12: AGOSTO | C12: ='% Avance Objetivos'!S26 -> 67
B13: SEPTIEMBRE | C13: ='% Avance Objetivos'!U26 -> 74
B14: OCTUBRE | C14: ='% Avance Objetivos'!W26 -> 87
B15: NOVIEMBRE | C15: ='% Avance Objetivos'!Y26 -> 93
B16: DICIEMBRE | C16: ='% Avance Objetivos'!AA26 -> 100

Sheet Curva de Avance Obj
A1: CURVA DE AVANCE OBJETIVOS
B4: MES | C4: CURVA ESTIMADA | D4: CURVA REAL
B5: ENERO | C5: ='% Avance Objetivos'!E21 -> 10 | D5: ='% Avance Objetivos'!F21 -> 10
B6: FEBRERO | C6: ='% Avance Objetivos'!G21 -> 20
B7: MARZO | C7: ='% Avance Objetivos'!I21 -> 28
B8: ABRIL | C8: ='% Avance Objetivos'!K21 -> 38
B9: MAYO | C9: ='% Avance Objetivos'!M21 -> 49
B10: JUNIO | C10: ='% Avance Objetivos'!O21 -> 59
B11: JULIO | C11: ='% Avance Objetivos'!Q21 -> 67
B12: AGOSTO | C12: ='% Avance Objetivos'!S21 -> 77
B13: SEPTIEMBRE | C13: ='% Avance Objetivos'!U21 -> 82
B14: OCTUBRE | C14: ='% Avance Objetivos'!W21 -> 90
B15: NOVIEMBRE | C15: ='% Avance Objetivos'!Y21 -> 94
B16: DICIEMBRE | C16: ='% Avance Objetivos'!AA21 -> 100

Sheet Avance Objetivos
B1: AVANCE DE OBJETIVOS Y ACTIVIDADES

Sheet Gráfico Tiempo Perdido
B1: GRÁFICOS DE TIEMPO PERDIDO
C3: ENERO | G3: FEBRERO | K3: MARZO | O3: ABRIL | S3: MAYO | W3: JUNIO | AA3: JULIO | AE3: AGOSTO | AI3: SEPTIEMBRE | AM3: OCTUBRE | AQ3: NOVIEMBRE | AU3: DICIEMBRE | AY3: ENERO
B4: Motivo | C4: 1 | D4: 2 | E4: 3 | F4: 4 | G4: 5 | H4: 6 | I4: 7 | J4: 8 | K4: 9 | L4: 10 | M4: 11 | N4: 12 | O4: 13 | P4: 14 | Q4: 15 | R4: 16 | S4: 17 | T4: 18 | U4: 19 | V4: 20 | W4: 21 | X4: 22 | Y4: 23 | Z4: 24 | AA4: 25 | AB4: 26 | AC4: 27 | AD4: 28 | AE4: 29 | AF4: 30 | AG4: 31 | AH4: 32 | AI4: 33 | AJ4: 34 | AK4: 35 | AL4: 36 | AM4: 37 | AN4: 38 | AO4: 39 | AP4: 40 | AQ4: 41 | AR4: 42 | AS4: 43 | AT4: 44 | AU4: 45 | AV4: 46 | AW4: 47 | AX4: 48 | AY4: 49 | AZ4: 50 | BA4: 51 | BB4: 52 | BC4: Total | BD4: Observaciones
B5: Falla de Plataforma Comunicación | C5: 0 | D5: =5*8 -> 40 | E5: =5*8 -> 40 | F5: =5*8 -> 40 | G5: =5*8 -> 40 | BC5: =SUM(C5:BB5) -> 160
B6: Falla de Energia | C6: 0 | D6: 0 | E6: 0 | F6: 0 | G6: =3*5 -> 15 | BC6: =SUM(C6:BB6) -> 15
B7: Ausencia Personal | H7: 8 | BC7: =SUM(C7:BB7) -> 8
B8: Vacaciones Personal | J8: 48 | BC8: =SUM(C8:BB8) -> 48
B9: Falla Sistema | H9: 1 | BC9: =SUM(C9:BB9) -> 1
B10: Permisos No Remunerado | C10: 0 | D10: =5*8 -> 40 | E10: =5*8 -> 40 | BC10: =SUM(C10:BB10) -> 80
B11: Feriados / No laborables | I11: 16 | BC11: =SUM(C11:BB11) -> 16
BC12: =SUM(C12:BB12) -> 0
BC13: =SUM(C13:BB13) -> 0
BC14: =SUM(BC5:BC13) -> 328
